{"timestamp":"2026-04-23T14:19:38.713784398+00:00","rss_bytes":72663040,"vsz_bytes":700944384,"rss_mb":69.296875,"vsz_mb":668.47265625}