{"timestamp":"2026-04-23T15:10:24.447249400+00:00","rss_bytes":72708096,"vsz_bytes":700944384,"rss_mb":69.33984375,"vsz_mb":668.47265625}