{"timestamp":"2026-04-23T13:22:31.922977584+00:00","rss_bytes":6270976,"vsz_bytes":700944384,"rss_mb":5.98046875,"vsz_mb":668.47265625}