{"timestamp":"2026-04-23T13:23:42.077093532+00:00","rss_bytes":7065600,"vsz_bytes":700944384,"rss_mb":6.73828125,"vsz_mb":668.47265625}