{"timestamp":"2026-04-23T14:50:32.311598699+00:00","rss_bytes":270884864,"vsz_bytes":902270976,"rss_mb":258.3359375,"vsz_mb":860.47265625}