{"timestamp":"2026-04-23T14:12:07.716885467+00:00","rss_bytes":72613888,"vsz_bytes":700944384,"rss_mb":69.25,"vsz_mb":668.47265625}