{"timestamp":"2026-04-23T14:14:28.035980283+00:00","rss_bytes":204775424,"vsz_bytes":835162112,"rss_mb":195.2890625,"vsz_mb":796.47265625}