{"timestamp":"2026-04-23T14:36:00.530821494+00:00","rss_bytes":72675328,"vsz_bytes":700944384,"rss_mb":69.30859375,"vsz_mb":668.47265625}