{"timestamp":"2026-04-23T14:39:30.930573585+00:00","rss_bytes":72683520,"vsz_bytes":700944384,"rss_mb":69.31640625,"vsz_mb":668.47265625}