{"timestamp":"2026-04-23T13:36:33.465647134+00:00","rss_bytes":16637952,"vsz_bytes":700944384,"rss_mb":15.8671875,"vsz_mb":668.47265625}