{"timestamp":"2026-04-23T13:37:43.559785628+00:00","rss_bytes":16719872,"vsz_bytes":700944384,"rss_mb":15.9453125,"vsz_mb":668.47265625}