{"timestamp":"2026-04-23T17:16:49.175987561+00:00","rss_bytes":72851456,"vsz_bytes":701018112,"rss_mb":69.4765625,"vsz_mb":668.54296875}