{"timestamp":"2026-04-23T14:02:46.605033193+00:00","rss_bytes":72359936,"vsz_bytes":700944384,"rss_mb":69.0078125,"vsz_mb":668.47265625}