{"timestamp":"2026-04-23T15:51:09.090707510+00:00","rss_bytes":403042304,"vsz_bytes":1036488704,"rss_mb":384.37109375,"vsz_mb":988.47265625}