{"timestamp":"2026-04-23T13:31:52.916573345+00:00","rss_bytes":11513856,"vsz_bytes":700944384,"rss_mb":10.98046875,"vsz_mb":668.47265625}