{"timestamp":"2026-04-23T13:33:03.018414928+00:00","rss_bytes":16384000,"vsz_bytes":700944384,"rss_mb":15.625,"vsz_mb":668.47265625}