{"timestamp":"2026-04-23T13:56:55.884131486+00:00","rss_bytes":72204288,"vsz_bytes":700944384,"rss_mb":68.859375,"vsz_mb":668.47265625}