{"timestamp":"2026-04-23T13:55:45.808036863+00:00","rss_bytes":72196096,"vsz_bytes":700944384,"rss_mb":68.8515625,"vsz_mb":668.47265625}