{"timestamp":"2026-04-23T14:47:01.944997524+00:00","rss_bytes":270884864,"vsz_bytes":902270976,"rss_mb":258.3359375,"vsz_mb":860.47265625}