{"timestamp":"2026-04-23T13:49:55.157418148+00:00","rss_bytes":72130560,"vsz_bytes":700944384,"rss_mb":68.7890625,"vsz_mb":668.47265625}