{"timestamp":"2026-04-23T17:52:23.389196489+00:00","rss_bytes":72851456,"vsz_bytes":701018112,"rss_mb":69.4765625,"vsz_mb":668.54296875}