{"timestamp":"2026-04-23T14:18:28.552657010+00:00","rss_bytes":72663040,"vsz_bytes":700944384,"rss_mb":69.296875,"vsz_mb":668.47265625}