{"timestamp":"2026-04-23T15:11:34.647245324+00:00","rss_bytes":72708096,"vsz_bytes":700944384,"rss_mb":69.33984375,"vsz_mb":668.47265625}