{"timestamp":"2026-04-23T15:12:44.783174544+00:00","rss_bytes":204836864,"vsz_bytes":835162112,"rss_mb":195.34765625,"vsz_mb":796.47265625}