{"timestamp":"2026-04-23T14:43:01.423806870+00:00","rss_bytes":72687616,"vsz_bytes":700944384,"rss_mb":69.3203125,"vsz_mb":668.47265625}