{"timestamp":"2026-04-23T14:30:09.763876769+00:00","rss_bytes":72675328,"vsz_bytes":700944384,"rss_mb":69.30859375,"vsz_mb":668.47265625}