{"timestamp":"2026-04-23T16:02:50.360666600+00:00","rss_bytes":72720384,"vsz_bytes":700944384,"rss_mb":69.3515625,"vsz_mb":668.47265625}