{"timestamp":"2026-04-23T13:47:04.761361514+00:00","rss_bytes":72114176,"vsz_bytes":700944384,"rss_mb":68.7734375,"vsz_mb":668.47265625}