{"timestamp":"2026-04-23T13:45:54.638017220+00:00","rss_bytes":203710464,"vsz_bytes":835162112,"rss_mb":194.2734375,"vsz_mb":796.47265625}