{"timestamp":"2026-04-23T13:27:12.415864202+00:00","rss_bytes":7716864,"vsz_bytes":700944384,"rss_mb":7.359375,"vsz_mb":668.47265625}