{"timestamp":"2026-04-23T13:28:22.506087124+00:00","rss_bytes":8982528,"vsz_bytes":700944384,"rss_mb":8.56640625,"vsz_mb":668.47265625}