{"timestamp":"2026-04-23T18:50:39.970726735+00:00","rss_bytes":72855552,"vsz_bytes":701018112,"rss_mb":69.48046875,"vsz_mb":668.54296875}