{"timestamp":"2026-04-24T02:19:23.087630181+00:00","rss_bytes":72855552,"vsz_bytes":701018112,"rss_mb":69.48046875,"vsz_mb":668.54296875}