{"timestamp":"2026-04-23T13:40:03.860172910+00:00","rss_bytes":16793600,"vsz_bytes":700944384,"rss_mb":16.015625,"vsz_mb":668.47265625}