{"timestamp":"2026-04-23T13:38:53.758289429+00:00","rss_bytes":16723968,"vsz_bytes":700944384,"rss_mb":15.94921875,"vsz_mb":668.47265625}