{
  "mode": "replicated",
  "timestamp": "20260423_101844",
  "replicates_analyzed": 25,
  "replicate_run_dirs": [
    "benchmark_results_replicated/20260423_101844/analysis/rep10/run",
    "benchmark_results_replicated/20260423_101844/analysis/rep11/run",
    "benchmark_results_replicated/20260423_101844/analysis/rep12/run",
    "benchmark_results_replicated/20260423_101844/analysis/rep13/run",
    "benchmark_results_replicated/20260423_101844/analysis/rep14/run",
    "benchmark_results_replicated/20260423_101844/analysis/rep15/run",
    "benchmark_results_replicated/20260423_101844/analysis/rep16/run",
    "benchmark_results_replicated/20260423_101844/analysis/rep17/run",
    "benchmark_results_replicated/20260423_101844/analysis/rep18/run",
    "benchmark_results_replicated/20260423_101844/analysis/rep19/run",
    "benchmark_results_replicated/20260423_101844/analysis/rep20/run",
    "benchmark_results_replicated/20260423_101844/analysis/rep21/run",
    "benchmark_results_replicated/20260423_101844/analysis/rep22/run",
    "benchmark_results_replicated/20260423_101844/analysis/rep23/run",
    "benchmark_results_replicated/20260423_101844/analysis/rep24/run",
    "benchmark_results_replicated/20260423_101844/analysis/rep25/run",
    "benchmark_results_replicated/20260423_101844/analysis/rep26/run",
    "benchmark_results_replicated/20260423_101844/analysis/rep27/run",
    "benchmark_results_replicated/20260423_101844/analysis/rep28/run",
    "benchmark_results_replicated/20260423_101844/analysis/rep29/run",
    "benchmark_results_replicated/20260423_101844/analysis/rep30/run",
    "benchmark_results_replicated/20260423_101844/analysis/rep6/run",
    "benchmark_results_replicated/20260423_101844/analysis/rep7/run",
    "benchmark_results_replicated/20260423_101844/analysis/rep8/run",
    "benchmark_results_replicated/20260423_101844/analysis/rep9/run"
  ],
  "go_results": [
    {
      "language": "go",
      "connections": 10,
      "n": 25,
      "latency_avg_ms": 15.7836,
      "latency_avg_ms_stdev": 0.022150996967781778,
      "latency_max_ms": 91.004,
      "latency_max_ms_stdev": 19.48072573083457,
      "requests_per_sec": 927.2,
      "requests_per_sec_stdev": 4.58257569495584,
      "total_requests": 221592.44,
      "total_requests_stdev": 747.051988373857,
      "errors": 0.0,
      "errors_stdev": 0.0,
      "memory_before_mb": 36.69314666748047,
      "memory_before_mb_stdev": 35.74483852345471,
      "memory_after_mb": 1.7499819946289064,
      "memory_after_mb_stdev": 0.2780891916081102,
      "memory_growth_mb": -34.943164672851566,
      "memory_growth_mb_stdev": 35.730318290028634
    },
    {
      "language": "go_heavy",
      "connections": 10,
      "n": 25,
      "latency_avg_ms": 22.7844,
      "latency_avg_ms_stdev": 0.09119941520280365,
      "latency_max_ms": 99.1088,
      "latency_max_ms_stdev": 0.9593501272562944,
      "requests_per_sec": 187.9644,
      "requests_per_sec_stdev": 3.087551726962104,
      "total_requests": 44991.64,
      "total_requests_stdev": 739.6566703545639,
      "errors": 0.0,
      "errors_stdev": 0.0,
      "memory_before_mb": 0.0,
      "memory_before_mb_stdev": 0.0,
      "memory_after_mb": 0.0,
      "memory_after_mb_stdev": 0.0,
      "memory_growth_mb": 0.0,
      "memory_growth_mb_stdev": 0.0
    },
    {
      "language": "go",
      "connections": 25,
      "n": 25,
      "latency_avg_ms": 30.1376,
      "latency_avg_ms_stdev": 0.07096243137510605,
      "latency_max_ms": 189.0468,
      "latency_max_ms_stdev": 2.220553084256262,
      "requests_per_sec": 328.8452,
      "requests_per_sec_stdev": 1.7367645205956919,
      "total_requests": 78655.6,
      "total_requests_stdev": 416.415957907475,
      "errors": 0.0,
      "errors_stdev": 0.0,
      "memory_before_mb": 1.7544656372070313,
      "memory_before_mb_stdev": 0.2779610993940726,
      "memory_after_mb": 1.773638916015625,
      "memory_after_mb_stdev": 0.11916349629071246,
      "memory_growth_mb": 0.01917327880859375,
      "memory_growth_mb_stdev": 0.2992276028418139
    },
    {
      "language": "go_heavy",
      "connections": 25,
      "n": 25,
      "latency_avg_ms": 52.5668,
      "latency_avg_ms_stdev": 0.29201483980556,
      "latency_max_ms": 309.2276,
      "latency_max_ms_stdev": 28.97052500387247,
      "requests_per_sec": 135.654,
      "requests_per_sec_stdev": 0.9788726508931938,
      "total_requests": 32473.36,
      "total_requests_stdev": 231.33703407222401,
      "errors": 0.0,
      "errors_stdev": 0.0,
      "memory_before_mb": 0.0,
      "memory_before_mb_stdev": 0.0,
      "memory_after_mb": 0.0,
      "memory_after_mb_stdev": 0.0,
      "memory_growth_mb": 0.0,
      "memory_growth_mb_stdev": 0.0
    },
    {
      "language": "go",
      "connections": 50,
      "n": 25,
      "latency_avg_ms": 31.8904,
      "latency_avg_ms_stdev": 0.19164811504421347,
      "latency_max_ms": 223.1496,
      "latency_max_ms_stdev": 35.882033977094075,
      "requests_per_sec": 579.3796,
      "requests_per_sec_stdev": 4.882797592910573,
      "total_requests": 138497.8,
      "total_requests_stdev": 1172.1709915082072,
      "errors": 0.0,
      "errors_stdev": 0.0,
      "memory_before_mb": 1.7598776245117187,
      "memory_before_mb_stdev": 0.12303581071992788,
      "memory_after_mb": 2.1047991943359374,
      "memory_after_mb_stdev": 0.20714400886816642,
      "memory_growth_mb": 0.34492156982421873,
      "memory_growth_mb_stdev": 0.26154880273658415
    },
    {
      "language": "go_heavy",
      "connections": 50,
      "n": 25,
      "latency_avg_ms": 92.4864,
      "latency_avg_ms_stdev": 0.7580340801485553,
      "latency_max_ms": 595.7712,
      "latency_max_ms_stdev": 50.3948822070919,
      "requests_per_sec": 143.9408,
      "requests_per_sec_stdev": 1.0494916229616456,
      "total_requests": 34445.08,
      "total_requests_stdev": 251.81853916395167,
      "errors": 0.0,
      "errors_stdev": 0.0,
      "memory_before_mb": 0.0,
      "memory_before_mb_stdev": 0.0,
      "memory_after_mb": 0.0,
      "memory_after_mb_stdev": 0.0,
      "memory_growth_mb": 0.0,
      "memory_growth_mb_stdev": 0.0
    },
    {
      "language": "go",
      "connections": 100,
      "n": 25,
      "latency_avg_ms": 33.628,
      "latency_avg_ms_stdev": 0.15814023312659342,
      "latency_max_ms": 199.8012,
      "latency_max_ms_stdev": 2.431580967189867,
      "requests_per_sec": 1050.0,
      "requests_per_sec_stdev": 11.180339887498949,
      "total_requests": 251015.16,
      "total_requests_stdev": 2475.1861155611446,
      "errors": 0.0,
      "errors_stdev": 0.0,
      "memory_before_mb": 2.110243835449219,
      "memory_before_mb_stdev": 0.20624211829458097,
      "memory_after_mb": 3.0548886108398436,
      "memory_after_mb_stdev": 0.5830272482942248,
      "memory_growth_mb": 0.944644775390625,
      "memory_growth_mb_stdev": 0.5624446769044141
    },
    {
      "language": "go_heavy",
      "connections": 100,
      "n": 25,
      "latency_avg_ms": 170.0612,
      "latency_avg_ms_stdev": 2.6489578453925375,
      "latency_max_ms": 929.412,
      "latency_max_ms_stdev": 107.25760773328234,
      "requests_per_sec": 154.0016,
      "requests_per_sec_stdev": 2.079829079515909,
      "total_requests": 36688.72,
      "total_requests_stdev": 508.74645944713956,
      "errors": 0.0,
      "errors_stdev": 0.0,
      "memory_before_mb": 0.0,
      "memory_before_mb_stdev": 0.0,
      "memory_after_mb": 0.0,
      "memory_after_mb_stdev": 0.0,
      "memory_growth_mb": 0.0,
      "memory_growth_mb_stdev": 0.0
    },
    {
      "language": "go",
      "connections": 200,
      "n": 25,
      "latency_avg_ms": 46.778,
      "latency_avg_ms_stdev": 0.08798674142543655,
      "latency_max_ms": 395.6488,
      "latency_max_ms_stdev": 36.870225715790426,
      "requests_per_sec": 1190.4,
      "requests_per_sec_stdev": 3.511884584284246,
      "total_requests": 284457.92,