{"timestamp":"2026-04-23T13:42:24.124462638+00:00","rss_bytes":16920576,"vsz_bytes":700944384,"rss_mb":16.13671875,"vsz_mb":668.47265625}