{"timestamp":"2026-04-23T13:20:11.581025807+00:00","rss_bytes":5193728,"vsz_bytes":147263488,"rss_mb":4.953125,"vsz_mb":140.44140625}