{"timestamp":"2026-04-23T13:54:35.671804793+00:00","rss_bytes":72196096,"vsz_bytes":700944384,"rss_mb":68.8515625,"vsz_mb":668.47265625}