{"timestamp":"2026-04-23T14:54:02.599655914+00:00","rss_bytes":72691712,"vsz_bytes":700944384,"rss_mb":69.32421875,"vsz_mb":668.47265625}