{"timestamp":"2026-04-23T13:51:05.316268491+00:00","rss_bytes":72130560,"vsz_bytes":700944384,"rss_mb":68.7890625,"vsz_mb":668.47265625}