{"timestamp":"2026-04-23T13:52:15.472139086+00:00","rss_bytes":72151040,"vsz_bytes":700944384,"rss_mb":68.80859375,"vsz_mb":668.47265625}