{"timestamp":"2026-04-23T13:29:32.632059119+00:00","rss_bytes":8921088,"vsz_bytes":700944384,"rss_mb":8.5078125,"vsz_mb":668.47265625}