{"timestamp":"2026-04-23T13:30:42.722717377+00:00","rss_bytes":11513856,"vsz_bytes":700944384,"rss_mb":10.98046875,"vsz_mb":668.47265625}