{"timestamp":"2026-04-23T14:58:43.031876330+00:00","rss_bytes":72704000,"vsz_bytes":700944384,"rss_mb":69.3359375,"vsz_mb":668.47265625}