{"timestamp":"2026-04-23T14:57:32.918837907+00:00","rss_bytes":72695808,"vsz_bytes":700944384,"rss_mb":69.328125,"vsz_mb":668.47265625}