{"timestamp":"2026-04-23T15:01:03.288786431+00:00","rss_bytes":72704000,"vsz_bytes":700944384,"rss_mb":69.3359375,"vsz_mb":668.47265625}