{"timestamp":"2026-04-23T15:26:06.213429883+00:00","rss_bytes":72712192,"vsz_bytes":700944384,"rss_mb":69.34375,"vsz_mb":668.47265625}