{"timestamp":"2026-04-23T13:43:34.316570412+00:00","rss_bytes":16920576,"vsz_bytes":700944384,"rss_mb":16.13671875,"vsz_mb":668.47265625}