{"timestamp":"2026-04-23T14:26:39.410689685+00:00","rss_bytes":72671232,"vsz_bytes":700944384,"rss_mb":69.3046875,"vsz_mb":668.47265625}