{"timestamp":"2026-04-23T18:01:44.554504595+00:00","rss_bytes":72851456,"vsz_bytes":701018112,"rss_mb":69.4765625,"vsz_mb":668.54296875}