{"timestamp":"2026-04-23T14:05:06.867923574+00:00","rss_bytes":72364032,"vsz_bytes":700944384,"rss_mb":69.01171875,"vsz_mb":668.47265625}