{"timestamp":"2026-04-23T14:10:57.513900091+00:00","rss_bytes":72613888,"vsz_bytes":700944384,"rss_mb":69.25,"vsz_mb":668.47265625}