{"timestamp":"2026-04-23T14:09:47.410046558+00:00","rss_bytes":72351744,"vsz_bytes":700944384,"rss_mb":69.0,"vsz_mb":668.47265625}