{"timestamp":"2026-04-23T13:58:06.054535019+00:00","rss_bytes":72204288,"vsz_bytes":700944384,"rss_mb":68.859375,"vsz_mb":668.47265625}