{"timestamp":"2026-04-23T13:59:16.143138640+00:00","rss_bytes":72249344,"vsz_bytes":700944384,"rss_mb":68.90234375,"vsz_mb":668.47265625}