{"timestamp":"2026-04-23T15:29:36.599924783+00:00","rss_bytes":72716288,"vsz_bytes":700944384,"rss_mb":69.34765625,"vsz_mb":668.47265625}