{"timestamp":"2026-04-23T14:01:36.443166153+00:00","rss_bytes":72355840,"vsz_bytes":700944384,"rss_mb":69.00390625,"vsz_mb":668.47265625}