{"timestamp":"2026-04-23T14:07:27.158154391+00:00","rss_bytes":72347648,"vsz_bytes":700944384,"rss_mb":68.99609375,"vsz_mb":668.47265625}